sale_dt,7182,7189,7193,7194,7205,7232,7234,7236,7238,7247
2018-04-23,83.65128550428302,20.765593474899266,29.412635740364564,67.05530485879872,17.186840819518068,56.88612773486229,68.44863390492932,4.279836926286621,,6.720065398915669
2018-04-30,83.5961896690621,20.501581512704387,29.46171936998806,66.25694173116283,17.095957940306143,56.77591952973462,67.16313000537252,4.6006482196437375,,6.718831232495145
2018-05-01,83.71724173959353,19.26343511704491,29.44893269255327,66.96692410907194,17.260081518474927,56.909067441824206,62.00377372568238,4.458424146731321,,6.70213090570272
2018-05-07,76.79663168242845,19.826688291746663,23.237814444928315,51.40367686489975,14.4373773578808,45.63765510745906,65.03043869699067,4.632308200110776,,6.704131314976523
2018-05-14,79.68716180101218,20.330206257910042,25.728408738428794,57.76400635738668,15.62513553074732,50.263829490850284,67.34035032463095,4.7697650943156775,20.12246124180993,6.722739808900084
2018-05-21,82.99465586746147,15.78223235373199,28.79955275733946,66.45932605533925,17.09890822176047,57.50367158924815,51.832802676090324,4.866490244161777,19.927017020826295,6.1475029110404344
2018-05-28,82.92399910609159,16.69093449918449,28.940356889100705,66.61136395804684,17.112106088298273,57.70979634398085,54.559067497114164,4.959342505913089,19.924910643421708,6.172844660751756
2018-06-01,82.93553722354275,21.239638832549993,28.947842056924834,66.32082783256044,17.098911420355343,57.686585750403076,66.75571044196816,4.8864343536067425,19.928023693821494,6.5871789774260945
2018-06-04,81.22562649135713,21.45719456102497,20.140210753156147,51.54594730834277,14.289835910636794,43.09242653425413,67.47496982211293,4.93596585761116,19.924511095549974,6.380716958690912
2018-06-11,80.94546615036136,21.67536347681964,24.345444476067865,58.89979543279368,15.71798506996108,50.14583916478336,67.89408644913158,4.935553540119952,19.92406451291564,6.555137212142284
2018-06-18,82.34900672690188,21.665357222826916,24.399330398496133,66.62793056811662,17.144741463605914,55.92866283916156,67.97269333389357,4.962628780516944,19.924981033456014,6.642353239614684
2018-06-25,83.78278439590214,19.74108438815256,23.72655493591862,67.00812075573901,17.23554048862184,49.560631147692455,68.05855110931032,4.9611281755966194,19.921653934203793,6.417652749550967
2018-07-01,83.75051585304502,16.63688502221305,23.723113376005557,66.82840546750876,17.207287322487918,48.05383324578377,67.86117467329085,5.033556948628675,19.878359400301527,6.697387909694742
2018-07-02,83.89430035149917,17.625118650098948,23.732061234618055,67.01302292776425,17.241674845768475,48.38644591418057,68.09979686047518,4.971215290879341,19.877154431433123,6.709616881704285
2018-07-09,83.78239102274289,18.513157444617566,28.221427435327445,66.94270164532134,17.219273432132546,48.284804251502194,68.03127725497727,4.100225621561256,19.841766457217037,6.71685212077385
2018-07-16,83.63372137415706,18.76349239523965,26.99350175253895,67.03837499862551,16.08825100506505,47.78605623086795,68.07618883871713,4.050876024395888,19.82889561379218,6.724191185463219
2018-07-23,83.65977705256766,19.179350844605498,28.073096204546292,67.04193765386005,16.737853977528594,47.779673327243366,68.12359205621892,4.046536185032521,19.79100013802748,6.729589421493175
2018-07-30,83.47168709946298,19.82417696533772,28.880204717308178,66.72522786714997,17.164317637004547,47.84379616385618,67.80136284485542,4.0450439185384575,19.769843211826064,6.717590852256328
2018-08-01,83.51523067532024,20.27620374248545,28.978921177209557,66.89424804377039,17.272103580071075,48.09693185088819,68.20018725552471,4.0596087673760595,19.857367705192384,6.757824528186578
2018-08-06,83.66303389486102,20.876488236023448,29.027484606452063,67.20709208444214,17.451019225030805,48.313164781057715,68.9086671279822,4.074343060096952,19.853390023735614,6.833513165633654
2018-08-13,77.87512191987008,21.082204716164448,29.04446043063178,61.39078011188705,17.545725336554405,48.29242151023625,54.59257947182179,4.120904116309578,19.85137220521082,6.867427475088957
2018-08-20,76.27700466887718,21.217088584249538,29.062650458565745,59.66215440376792,17.49876732779659,55.791976712799794,51.63935027887113,4.157362896406938,19.80846453069141,6.8700622852672675
2018-08-27,80.19345758979556,21.33490628849669,29.0697095285585,64.16323444041024,17.44543406860169,61.95317518824302,59.87553517152695,4.1921477096698885,19.794337113584177,6.868165709754128
2018-09-01,83.40795916821757,21.361254975038808,29.06454700857562,67.19405114520359,17.353480405763158,62.054431954755444,69.01111308774014,4.243852859444504,19.74903126961254,6.877358057220741
2018-09-03,83.42550065216025,21.437109350118575,29.06118709504219,67.87784623406772,17.508455660131947,61.89450298819623,69.60162251054416,4.242874819392608,19.604801135760056,6.873052940776438
2018-09-10,inf,21.451155607413288,24.845579451554347,67.81070622037586,17.427694209205047,61.85907580942918,69.87540933383427,4.2867066720226585,19.58903834816657,6.873863239258363
2018-09-17,83.3597962324506,21.508970907285835,23.457045308046514,67.87629826421556,17.399138495102218,61.120290687480846,69.86491185839455,4.294044678936533,19.65900655128028,4.992989791894566
2018-09-24,83.24299113130226,21.38966513306978,23.82177669493936,67.7449017850916,14.032923102715284,46.43978096019205,55.80229427925545,4.286601355646033,19.13000684528993,inf
2018-10-01,83.22093857788026,21.48064376131691,24.142654267771416,67.67147478240054,inf,51.919310264292854,inf,4.035476907280465,19.46283456346156,6.738637966005329
2018-10-08,69.34195564165447,21.515102297418125,24.13108190942748,67.61993834247598,17.68382712570019,inf,69.5816242587277,4.155810033138055,19.696238777777804,6.80118066358331
2018-10-15,73.94997489199156,20.634224110803324,23.55805013998515,67.68950186417733,17.71691818955279,46.840947792722375,70.61371034908392,4.292640685679467,19.503429287619074,6.874488788201281
2018-10-22,80.42988908702424,14.244259776209423,23.838062437500955,48.85067407489499,17.69656805320826,inf,inf,4.080895879492696,19.048954377127675,5.383523725922463
2018-10-29,82.07913833134594,14.657891312018226,24.110894476215595,49.601042593986676,15.260297053508108,57.84863347373485,61.60883202177103,4.0184444361058675,19.08748760869565,5.431068693607334
2018-11-01,82.70846572216578,19.437385921058834,24.09339513049596,67.24393774595913,13.372504603948329,59.172899790666655,53.14443547545829,4.046333907707323,19.54154430769232,6.72765081044851
2018-11-05,82.90405388279268,20.35878741039083,23.903392891295617,67.67393300886621,inf,60.0288067836534,inf,3.9958791727681415,19.59574080000003,6.789791860772515
2018-11-12,83.17254787670919,21.40906523794908,23.94020946357031,67.80064676514364,17.63024703161425,61.11945613736531,71.04442780664516,4.518513661003789,20.057672780575373,6.868358014393688
2018-11-19,69.61310179299772,20.794597396453884,22.926861920665136,67.98175611377944,17.49055290582798,59.62857947740217,inf,5.297475285266583,20.494965422454293,6.856056553559624
2018-11-26,74.46405023948361,19.82406983783935,25.479916338655283,68.04914721809412,inf,58.78854070114102,inf,5.439295387857851,20.137461458344415,6.780570493975566
2018-12-01,89.20126006145937,19.799543868151247,30.01244601218137,69.6128624829692,17.899496146485397,58.792433955986574,72.390223153022,5.478884357952065,20.17936174540905,6.858434540698538
2018-12-03,89.4238408026473,19.56828816104651,30.06322175651477,70.78032881488626,18.143612530969595,59.11211037040832,73.96709551966168,5.579271113970647,20.185289004287952,6.902660518322978
2018-12-10,89.5525106300499,19.597397017949262,23.470835699081352,70.94912937780603,18.616884828075907,59.702236971990075,76.58431072611346,5.8963197579757365,20.177341547164644,6.9206302059896165
2018-12-17,69.53180825019413,19.687712690483533,26.131602676363872,71.0203590030709,18.73716940578797,59.9014124094399,77.42251294573894,6.237565096757473,20.17520728829302,6.924201747034393
2018-12-24,66.87278475331597,19.71623124552364,29.061616561657765,71.0272334066585,14.10108247486064,60.06254716761439,56.93270288598404,6.269651649509017,20.182720148887924,6.927125425285155
2019-01-01,67.02680715643592,19.726640850854,31.51167668280045,70.99877947036126,13.449240977209861,60.73874315916974,53.41729066178501,6.292700497859624,20.523558591452577,6.926752886500904
2019-01-07,inf,19.70845259217338,31.537829916811724,70.95499056739149,16.40950865575741,60.77204645037332,65.24840085081607,6.318611394739709,20.419920400085772,6.924733070868981
2019-01-14,inf,15.964289019753679,31.568414826809683,54.44396939754175,14.322661709349882,60.76131098295239,56.776679191303415,6.380024766466629,20.505094391591772,6.916890132404433
2019-01-21,inf,16.827220923942892,31.582894961420642,56.96551717401979,16.21834831226021,60.7797561383926,63.970125740980635,6.527284387755951,20.665910584853187,6.916442960726169
2019-01-28,90.53216221153194,18.097359433468576,31.586158853280427,61.169882587464414,18.417537465741773,60.77127257638022,73.11218677220198,6.697281365187648,20.687783132452655,6.914307813517057
2019-02-01,90.51926616413604,18.09097928596908,31.599625998538077,61.166433351538565,18.623955647318926,60.74447856098856,73.85996041266368,6.7434192519147445,20.749344737501815,6.913298619708955
2019-02-04,90.57913414535868,18.09073706817439,31.589162389103635,61.14573500724056,18.686149262682047,60.85105362703721,74.12032037205428,6.744731588422699,21.53900580602376,6.910347244244014
2019-02-11,69.1615538748089,18.07631208253901,24.619470442554494,61.10332467055169,14.556162289209894,60.502560689767165,57.89692603246146,6.758221173888461,20.17838593560117,6.911794229607909
2019-02-18,77.39481073739016,17.97664736643597,27.220210637655924,61.0563801110484,15.901223401273048,49.225408380506025,62.91825800537933,6.77549318672628,20.16548575517702,6.9031458555495355
2019-02-25,88.8113004282648,17.879894249677072,31.23263208558784,61.01652808438077,17.583582768208508,50.80434474787871,69.52200269713265,6.799410874557438,20.16444680975612,6.884465266807107
2019-03-01,89.97604336583109,17.7996618651599,31.558753660265854,60.98887009053109,17.732039769221497,60.71945042417934,70.52712425474103,6.802186130243399,20.173906402575184,6.872297707793483
2019-03-04,69.8209313898146,17.800520780953363,25.168212940389502,61.016114417194316,17.832389980348058,61.549045399234025,70.19328096781277,6.800255579172351,20.167613608624375,6.803663363994059
2019-03-11,66.51873164109274,14.162158826307248,28.287727060887146,48.178275286821275,17.52634306122822,62.4696267601164,69.08875458212991,6.794164323168819,21.265911183008495,6.758337929056286
2019-03-18,76.62338457496233,13.397501511378843,31.414118503040186,45.2953712243532,17.4514604602581,62.77212595447349,69.11511517326997,6.7932279557422595,21.806581280455312,6.744651657197562
2019-03-25,86.43371997025228,15.516945031828865,31.451901396153925,53.14861457321785,17.4435450590625,62.913276275615615,69.10836012055634,6.795748316873299,22.397898982182568,6.742883207366366
2019-04-01,86.91695260873057,16.716019855200067,31.535023436367354,58.818874255132755,17.41006255508851,62.895545207640836,69.03603614966195,6.789715961856064,22.880203974967397,6.734221783426008
2019-04-08,86.97700069405431,16.80861142503541,25.804938196676982,58.83748886599149,14.38072801184872,62.911824118461496,57.0692306741367,6.784381911334459,22.17912056409095,6.7301310708295645
2019-04-15,87.05027896148262,16.836694177813467,28.601281089289888,58.844083178562606,13.334289879829885,62.62011526130785,52.95488810492906,6.582036772387852,22.149759627425617,6.727699475216526
2019-04-22,69.94931210069652,17.117842136016552,31.493982710047543,58.89341082023032,15.699572762001912,49.94171068445112,61.76672387955633,4.485282959760145,22.18429892383832,6.73003916088343
2019-04-29,66.43872887462315,17.26589652867002,31.583230369730266,58.89606116371515,17.093289614107288,47.23412939958571,67.89236044736082,3.9694516983705572,22.182077071636485,6.731103657194101
2019-05-01,86.30617236153702,17.17623352999382,31.432663861991987,58.95484766192756,17.32820917623701,61.11588860487757,68.38393047623836,5.4355762530067215,22.128234553376707,6.52926350138473
2019-05-06,86.82912129421996,14.655131872315645,31.43995333481408,50.48056719733774,14.340390043025211,62.043552980671805,57.225553369289784,5.578279216809795,22.09154895685773,5.554660097607826
2019-05-13,87.23188778787696,15.782921673010474,31.441560265036333,55.12387116503997,15.961732566944052,62.96006766182335,63.79853747450577,5.879434221576345,22.08909248505662,5.481629942654182
2019-05-20,87.24215861141587,17.291672963396493,22.808663960246566,59.999016679275684,14.157935381974816,55.72360575609676,56.781207042873305,6.024259308016769,22.09098347326015,5.468294204029783
2019-05-27,87.23102085586272,17.48347070602735,26.253894256011815,60.189266564748976,15.66737974625115,58.997212922104126,62.00611208076538,6.23651742497677,22.087533845943458,5.4568956049168555
2019-06-01,73.25691329314873,16.41806928767674,24.489359965351472,56.01779886061898,16.5517741823754,60.18874866980478,66.58113906776585,5.576846051978231,24.94234652966202,6.299170404650851
2019-07-01,74.17362971206008,17.79344513323897,27.665457338062076,60.0552821855903,17.505561988871932,63.11176557252762,69.61243819150812,6.211640265578863,23.410355010377884,6.644129082552307
2019-07-08,87.1263905097899,17.904295179849722,32.55092367885776,60.50104570210109,18.252338505972144,58.568948249206414,72.00407116722852,6.363338854815837,22.098749745959402,6.631282895372463
2019-07-15,69.90583724757398,18.014438071407003,32.48386601518801,61.13121230846055,15.132463537276257,60.863460064060575,60.18043060914282,6.462179401333161,22.1387850875705,6.640173509343843
2019-07-22,77.38774670386525,17.33736742560545,32.46798363660695,57.462229338956014,16.902190680917837,57.03739787330135,66.7347564662629,5.161297836183168,22.19105084229074,6.638758618827015
2019-07-29,86.974880589725,17.29229363261786,25.143113096547705,57.43297691321837,18.90578391256522,55.934219867388855,74.53641796762847,5.221587810521809,22.236070439302043,6.638852206741711
2019-08-01,86.9876690022216,17.998800690890874,16.99964046960548,60.849407737473605,18.854265244232447,55.8590598552115,74.33778046239398,6.500453673664496,29.185894274988804,6.6373931518837255
2019-08-05,86.95096520501188,17.99185408940171,25.8816919385302,60.86972141253339,14.158472178380013,60.69291706213594,56.54824289005621,6.532527767407578,30.447237854748813,6.639175291372969
2019-08-12,86.19485506508184,14.948529194869796,32.26873580223801,50.64738249592109,16.521995612639056,67.07725800480469,65.50579706110956,6.5671122297541675,31.089965050148088,6.642129943953518
2019-08-19,85.79615401091328,16.36612044016041,32.25389275619484,56.031513792910744,18.716247572278235,64.8298233542109,74.15777291345961,6.556395480916955,31.37185568408588,6.64391209488946
2019-08-26,86.77490726388656,17.89536496548723,27.307211176376956,60.632141607887256,18.724922689503487,62.97461029922013,74.23848409232544,6.5864813457609515,31.696025959707224,6.643699140981656
2019-09-01,87.13599818461054,17.941909589881337,24.560303988834356,60.638682274020276,18.66310586226661,63.063661838705,74.08055747218393,6.598847544281057,31.93829259742962,6.64248095574492
2019-09-02,87.20733082283297,17.914527876578386,24.548039712599905,60.6920327409516,18.673306691862237,62.880116297070515,74.02498480884097,6.567204257687818,31.489242947523653,6.641800485582761
2019-09-09,88.15959659523821,17.78469293376643,24.581431566062005,60.77160127322175,18.60100474910054,62.40778170302523,73.81417799870673,5.521384923109531,30.890252046978965,6.622188640737037
2019-09-16,70.17760803768041,17.690317943672014,24.573589051547415,60.744189130848525,18.59066638041581,55.62642384737294,73.7615913730782,6.007808024252629,30.923369139296497,6.623294800090041
2019-09-23,79.16427721868837,17.798310211204655,28.271426127880964,60.7513934424341,18.57748033516235,59.47275733705189,73.73218897216465,6.550865697740573,30.87656679259936,6.6221890019213365
2019-09-30,88.0174067215633,17.80588964500857,32.35900883638883,60.75691514830113,18.505514143403694,62.16944816741705,73.53287658974413,6.567129364453708,31.045540400790628,6.608508554586033
2019-10-01,88.09073396788823,17.774808452985628,32.378084906392516,60.00648878354628,18.58901761612841,62.30573125289062,73.8185590323144,6.617869267012907,30.741246409052312,6.617095866255647
2019-10-07,88.1318645590691,17.782484440298447,32.38576533957429,60.144189861125895,18.57733310139985,62.13494223353653,73.8041727186784,6.6198503287096955,30.761614323039016,6.618372430938931
2019-10-14,69.94523409067168,17.79914012324302,32.35239203547338,60.36374919034305,15.158119423678832,61.89641371570077,60.51885520673396,6.620377903734071,29.029643533457396,6.611864845018086
2019-10-21,78.0625786179199,17.784624585333123,23.671821024371578,60.34628207389809,16.51109621241643,61.88642104046253,65.73549382158349,6.497757084313848,28.75050135510915,6.608256768424603
2019-10-28,87.11036640861582,17.75762976314326,25.01153728261659,60.294201281961726,17.980201187908367,61.86267638997628,71.72794818161486,6.5135235882106715,27.771764356284763,6.598998024786657
2019-11-01,87.32871380000284,17.77437805715864,31.555127980890877,60.29033433276658,18.035835809893435,61.70954279850456,71.68273482045733,6.60073716189652,26.868913593168212,6.598562469792669
2019-11-04,87.35308920949163,15.424684544756566,31.573532292575244,52.1591015077407,18.116451704552865,55.09824846527439,71.9924469956127,6.610720686549222,28.11482806483333,6.600698353118032
2019-11-11,69.2857320504593,16.71498367937477,31.56968440125477,56.34886658237866,14.605101238831546,58.64122234290619,58.538168425627006,6.6162987527652115,28.724130667554018,5.9906962930250955
2019-11-18,77.2150982327243,17.820980710121265,33.13743130857648,60.41112580267776,16.19619770895609,55.43841242770956,64.50415104778244,6.612956070726696,28.70197886296174,6.260783514177925
2019-11-25,87.76646576921047,17.813404259745983,32.529738496123564,60.375168483681726,18.096689929541842,58.66238304933916,71.88853167581748,6.598882829844771,28.086803312274597,6.234513066484835
2019-12-01,87.78813618477585,17.814360762379394,31.116091853291625,60.32402738671559,18.00503531532509,61.56891071578335,71.53294512821307,6.587877480186146,27.85606355003961,6.114936941422145
2019-12-02,87.87938189828988,17.820651610342825,31.13511565171138,60.375996778112444,15.075560991914495,62.38437302046154,60.00586728185561,6.590715143887822,28.01433476103626,6.32539459206187
2019-12-09,87.84690031154379,13.650242516420834,31.136942617397853,46.22573876686433,16.614899528389888,55.188343501311216,65.6680345262796,5.302124445713289,28.106843797049347,6.432293209722129
2019-12-16,87.84887264264658,15.443504628381582,25.843785243383138,52.308280697818,18.24985333847292,58.70982405032338,73.58317694366903,5.792224073215392,28.110172131577126,6.445024423863912
2019-12-23,76.93309950186305,17.366862582938182,27.92585948110166,58.76050418036038,15.503265204349713,62.47610672098885,62.29134937841249,6.316685571613936,27.759258891474108,6.386573910768155
2020-01-01,74.81098538675666,18.827234574726404,33.426599427186204,63.99118763468971,14.904076663102764,66.0766424125744,59.19274447005821,6.824862385080272,27.694071141105645,6.740848251398285
2020-01-06,81.25298231191356,20.041051699495128,27.48630953435265,67.75926973544983,18.18030897818874,56.95036115345119,73.64654833115395,7.123886753989249,29.66954614734681,6.084138109190647
2020-01-13,86.51251674786403,15.784090220000968,31.013015682533656,53.501668969137675,21.01919600395711,62.90560388737354,84.59307707559078,7.149261184335046,32.76056682125964,6.653441087418974
2020-01-20,84.46002748356493,17.705722122729252,36.20951306207016,59.94354227769252,16.448934724588714,68.75861237713119,65.57487367832422,7.18991646830407,32.7716557904125,7.059610058406912
2020-01-27,78.35589134845414,20.170463505696386,36.2339932389377,68.26656735830696,18.017218124447147,68.80174511706203,71.14512847209042,5.357651966382037,32.834499153919154,7.062704118912072
2020-02-01,75.9886485298014,20.18738303337757,36.21528779640386,68.26991091815769,20.960549214797354,68.87649927219837,83.21677994744881,4.787939149948209,32.8608575152942,7.066478209462496
2020-02-03,72.4263239311684,20.19909661088638,36.287525550874975,68.3324826979289,21.097037122370295,57.80885465795133,83.76109061281872,6.126023142204185,33.0494118067044,7.177735664329579
2020-02-10,82.53739507605124,16.394678539736795,36.306220093652136,55.593256007094745,21.218396797572215,64.52569290412956,84.34023531832531,7.218992123389306,33.12143114980466,7.183335939760549
2020-02-17,90.27464162401719,18.658854230429814,27.711245546770243,62.43266390157651,21.213196988671967,71.78289320429498,84.36742068935366,7.231870411590435,27.96338014338356,7.21252043313359
2020-02-24,88.89287567393424,20.423545687196707,31.287292172758946,68.4915438826056,18.117631218104247,70.51624192979699,71.92643246127724,7.233014184922512,30.41473624982529,7.185801520273429
2020-03-01,88.46475279781788,20.39619469983462,36.41979280492581,68.4439001859478,inf,69.82915447656147,67.60728216388308,7.234581445915209,33.501515316091165,7.1860914391717365
2020-03-02,74.25133641488972,20.388358458810718,36.52796964427987,68.49070275705967,19.539437893454366,63.4324966680598,77.24103979761982,6.30878748005034,33.613020061434995,7.178721469051839
2020-03-09,80.94269828602638,16.987440170645325,36.53645280978675,57.16288739898252,20.96950458764276,67.49946758664738,83.27966600173923,6.731383743416575,33.620536821333964,7.141583108466395
2020-03-16,89.02414021231736,19.554786667690063,36.47354739101507,66.01471520024081,20.679640404696666,73.84157461481986,82.1272084645802,7.1809034622857775,33.40974549871117,7.018575719475448
2020-03-23,89.21584573142195,20.030369948617484,28.77625360555645,67.66917120475094,20.545128342133665,73.6844311824033,81.59901484468732,7.183692297658976,27.91867526554925,7.019967991303357
2020-03-30,inf,inf,27.299438886708792,67.48686595037239,20.452593994224603,73.56925418359613,81.154397342693,7.179745229014358,26.639694494700635,7.010689789575905
2020-04-01,78.0078834781043,19.89084190937137,36.22923196288855,67.22418128279564,15.456403299124352,59.59797267687434,61.40955752026807,7.182414905162528,33.34712195453733,7.0424539114127285
2020-04-06,86.13353367063449,19.86682252446947,39.18435684352406,67.10050280160235,18.524907081312364,68.00549311210001,72.93226502701124,6.597094803236799,35.642777954384975,7.163875372320285
2020-04-13,90.6879392979566,16.108399650053222,39.26270563268251,53.74141799269198,20.310480619346407,74.45815678204694,80.50978519423876,6.805291492526478,37.62467699016697,7.502455530663863
2020-04-20,90.66230408740736,17.723846181306396,39.270236357404244,59.43100046126492,20.404168687050127,67.71604333681971,80.70192351735393,7.025969829459648,37.68887910244567,6.50336039858384
2020-04-27,90.61465598350514,19.49746129543004,39.26040906276866,65.8778172532186,18.5657406433736,68.66497644190001,74.20573928929733,7.021992441578115,37.747104794887164,6.776980669976762
2020-05-01,90.66225861142215,19.49965013793328,38.28780303235132,65.87589887522746,17.48381774705527,74.43740546473437,69.43182704778623,7.022797749608879,37.7382767298077,7.569749555868712
2020-05-04,78.9689192869654,19.223100758010315,35.374486268207825,64.90759273735384,19.124357411471937,74.35995456275539,75.75544774123907,5.91922144917259,30.85694439642912,7.359906652225095
2020-05-11,83.442380622677,15.987249803578246,35.09748596975748,52.989330012810285,19.866764998578077,62.850300840268396,78.87543355443341,6.354585743573126,33.730281576911636,7.181263988593064
2020-05-18,88.99392957329559,17.585796086797245,35.097632555288584,58.912756591996285,20.524976494665967,67.3008328107349,81.52033294631728,7.012384988281846,37.81443080313412,7.57716750353411
2020-05-25,89.02205963529323,19.466851386592595,35.10251126994416,65.92095098023239,20.532720909936252,78.01492580004384,81.528787531618,7.014625806739698,30.5266091327484,7.460414338745845
2020-06-01,89.05596015942305,19.500138020129132,37.734653656504754,65.93695315775724,16.665037785208426,72.55617848719632,66.46457552550427,5.878546751727827,33.76991467048316,6.589823847437262
2020-06-08,78.7044254568077,16.01238680588589,39.34525027355327,53.605705789244425,15.443521230683514,73.34726697232661,61.3119459087509,6.333764598682097,36.81054524357319,6.2128825792264255
2020-06-15,85.23566859247984,17.498868122915358,39.295059386097584,58.761704304365765,15.442394877988987,74.50009031923153,61.31017013720211,6.897166004327135,30.602551837964835,6.2127409611893
2020-06-22,90.78555569476373,19.57710092348733,38.78011646235306,66.15592546099782,15.442699433632342,65.31714826028849,61.31265560210364,6.9384543362234545,33.96153198786147,6.2127979753321005
2020-06-29,90.73077640790477,19.583383929713836,38.6741659319464,66.13262864050465,15.440686308367754,62.61515909207642,61.31654308018317,7.015653098650208,37.650520960260195,6.213001065418926
2020-07-01,90.79009660708192,19.582274056494754,39.168527269088486,66.18168018582777,19.18491673244937,74.49808268961702,75.98397369865043,6.840051874584497,37.63886191372265,7.087250677892143
2020-07-06,90.81686610564968,17.323994864152052,39.20866196672119,58.348961163899965,20.608751067235108,74.70476285631972,81.79508423011427,6.95030138631479,32.655265443999426,7.432335250804743
2020-07-13,91.3797549441877,18.59325089774857,38.74501656584163,63.161376791788946,16.90159119792924,68.08325689727438,67.19871477764455,7.156698721580877,36.61812142120242,7.577721179685748
2020-07-20,79.97488172777912,21.114512217324748,39.42897147981291,70.73938441576965,18.227947546819976,71.6599919457804,72.86696501502342,7.111476095505309,39.97253090569679,7.42242651405898
2020-07-27,76.07231862483756,17.76441989231535,40.39169995473022,59.88147056874862,19.423279523304224,61.157049017010294,78.20488364269235,7.195423978779454,40.00268188465782,6.627972441822235
2020-08-01,76.035108058924,15.006293488487934,40.4218642212897,50.40254298369231,19.153065724511748,56.56713706973448,77.11309741853343,7.594373405497365,40.038875407056,6.226648765707535
2020-08-03,88.81136688038893,15.022215587805816,38.903984716921244,50.38451286672132,19.22191868938184,56.215963227033214,77.40666796152234,7.596370404634583,33.430566118725665,7.004443485077174
2020-08-10,96.20608877185414,15.01709488454269,39.39194011710422,50.40614696841102,15.444976884250694,55.26681575561398,61.67034130122022,6.430207417772693,35.677393848810084,7.419725276486071
2020-08-17,96.25539227245046,15.029276629174229,40.3748905772696,50.405332880466105,17.605802920008184,66.71805082223938,70.11911531537793,6.98541057216225,39.588470550102464,7.422266731699464
2020-08-24,79.83423428200918,17.55576355301363,39.15682317371824,59.14969247891442,19.895588519817306,59.309524377171165,79.7812904193624,5.103506444983226,39.42434014697493,6.015628929691547
2020-08-31,76.0163258305614,21.223976946861512,38.651029945330656,71.18484646760773,19.84814858202391,54.40006010641912,79.62653599215956,4.60216643559708,39.300066817466195,5.44276170134116
2020-09-01,76.11733940039339,21.194498206851204,38.64373799746192,70.9398547076622,15.08940131261203,56.379106069178476,59.914263592444456,5.438788413645987,39.360112451301696,5.4439411506980715
2020-09-07,87.88628368726833,21.14195302190506,38.49581944792769,70.76283428752038,inf,68.49669511151542,69.80368635187276,6.7493211569077225,39.99794771620904,5.444316423035629
2020-09-14,98.00395814734108,16.089588547506253,38.48998632900284,54.30922940562931,19.726991656442713,68.08951199126177,82.96820812874842,7.534373843319917,40.79812965346587,5.448170569778819
2020-09-21,98.02517943284147,18.54910117372933,39.13560066337797,62.36941073674593,19.733543328421813,74.80767292006178,82.94226169694485,7.549429781950762,40.80970909906665,6.408398493371729
2020-09-28,90.01529507997934,20.591120888027056,39.905562617312974,69.47095627327889,17.467872976996254,80.16576158394399,71.93741191989687,7.549251355522103,40.82251031092753,7.6141955143757505
2020-10-01,77.49130190347624,21.015671657296583,39.98811842482212,69.91404346578413,14.766571080703466,78.32253942144645,58.80366060817229,7.579230273268054,40.97463977316223,7.622386478362281
2020-10-05,88.92622046075817,21.562279441920538,40.01339929959416,70.18368316358598,17.974627216742434,77.80887059473649,72.10334106399252,5.583723241399062,40.950481809361776,7.630378262880679
2020-10-12,98.19713612392077,21.626419590456905,40.04678307647324,70.15221288200588,20.493248980481408,77.72089773201462,83.26984853782604,6.459197297714806,40.96811810223121,7.632766638352566
2020-10-19,80.78591832509757,16.544963621837635,39.88497190984447,54.74158414150797,20.49617549705999,63.317809433065214,83.23965725086356,7.538469399412672,40.985207524039765,7.635990181616821
2020-10-26,77.41797614146721,18.579483398172833,39.52997011551517,60.543413064124294,20.732763399081833,68.88071421651904,84.59250594002441,7.560032192166021,40.71983110150965,6.052267198880062
2020-11-01,77.39202867271409,21.76714694358411,39.6506453267972,70.70611499765393,20.381345472355957,75.8580923618992,82.68740621661836,7.542840003952206,39.67671328362153,5.603686686643278
2020-11-02,89.24795989067307,21.646319389217858,39.67356072752253,70.82137340922787,16.994580441714543,72.62794038225705,67.98694356915026,7.562254317373969,40.890519455993456,6.698742260373593
2020-11-09,98.99009857269492,21.4648145335021,39.702828963953586,70.92395280134072,18.720241011938885,68.03320646014585,75.52066800509887,6.068829794175757,41.82214425819895,7.571504714956752
2020-11-16,98.877371179357,18.0176578033054,39.73103226270075,60.51831015319585,20.566646459197337,68.05658541899754,84.58475143849748,6.760511987039757,41.892083091324835,7.620820587273649
2020-11-23,98.92963195148472,19.49359624265977,39.877972018473436,65.94913713089906,20.5567241043208,62.78812217554132,84.5273483327458,7.573533919089189,30.75785321900651,7.654077592108294
2020-11-30,98.74383686037197,20.98854085153051,40.161953516749854,71.01104858276443,20.425883692515704,59.83007921033826,83.79610473519044,7.582762127568891,28.2308901672391,7.682132457363223
2020-12-01,98.93400342815701,20.97196542584147,39.86827251936946,71.12138623527748,17.46442888693113,66.0955515999865,69.65569632901354,7.583427682317095,38.0713356068356,6.414814126758119
2020-12-07,98.96597797147565,20.97132213305777,39.70753075065324,71.16087307095174,19.296306887619487,68.61938081943268,77.64484292979071,7.589233942342932,41.70729150512591,7.151734425827011
2020-12-14,99.15794237950917,17.360154456941316,39.797197704154236,58.71576871967135,20.62202599152821,69.51438950420959,82.44002290606183,6.649833659923069,40.38580639705509,7.676283337700809
2020-12-21,70.14498436995052,18.870785928146507,39.13884379728498,65.02398883716292,16.78084314526246,69.556514559632,66.896275311309,7.143033732569477,40.405001523465394,7.676948266262536
2020-12-28,66.53624641568493,20.407121708137918,39.348159248835316,71.61205126623774,16.014367485261626,69.58582846917804,63.5877583396387,7.629095353185637,40.394937516950215,7.6855571214760765
